RETAILER_ID,RETAILER,DISP,PRICE,VOLUME
1,"ALBANY,NY - PRICE CHOPPER",0,2.846737,2672.580139
1,"ALBANY,NY - PRICE CHOPPER",0,2.88484,2645.25330
1,"ALBANY,NY - PRICE CHOPPER",0,3.049924,2530.049127
1,"ALBANY,NY - PRICE CHOPPER",0,2.92053,2619.91052
1,"ALBANY,NY - PRICE CHOPPER",0.1695,2.623426,4199.917756
1,"ALBANY,NY - PRICE CHOPPER",0,2.675607,2798.834960
1,"ALBANY,NY - PRICE CHOPPER",0,2.960684,2591.688064
1,"ALBANY,NY - PRICE CHOPPER",0,2.648052,2819.714546
1,"ALBANY,NY - PRICE CHOPPER",0.187,2.561728,4311.295629
1,"ALBANY,NY - PRICE CHOPPER",0.3425,2.220486,4982.840700
2,ATLANTA - KROGER CO,0.045865,2.585988,4267.153135
2,ATLANTA - KROGER CO,0.025775,2.379148,4658.495568
2,ATLANTA - KROGER CO,0.064191,2.379067,4658.655645
2,ATLANTA - KROGER CO,0.066049,2.408894,4600.080063
2,ATLANTA - KROGER CO,0.045185,2.366985,4682.594536
2,ATLANTA - KROGER CO,0.050012,2.424683,4569.371640
2,ATLANTA - KROGER CO,0,3.32546,2348.83250
2,ATLANTA - KROGER CO,0.02361,2.893145,3745.835723
2,ATLANTA - KROGER CO,0,3.144486,2466.333198
2,ATLANTA - KROGER CO,0.046162,2.481359,4460.820002
3,ATLANTA - WINN DIXIE,0.212,2.639545,4171.296677
3,ATLANTA - WINN DIXIE,0,2.69233,2786.23870
3,ATLANTA - WINN DIXIE,0,2.706964,2775.262456
3,ATLANTA - WINN DIXIE,0,2.709629,2773.268229
3,ATLANTA - WINN DIXIE,0,2.715064,2769.205645
3,ATLANTA - WINN DIXIE,0,2.693674,2785.228824
3,ATLANTA - WINN DIXIE,0,2.57901,2872.71724
3,ATLANTA - WINN DIXIE,0,2.710289,2772.774571
3,ATLANTA - WINN DIXIE,0.186,2.640581,4169.463828
3,ATLANTA - WINN DIXIE,0.076041,2.698337,4068.548081
4,BALTI/WASH - GIANT FOOD INC,0,3.795441,2069.175917
4,BALTI/WASH - GIANT FOOD INC,0,3.801813,2065.622638
4,BALTI/WASH - GIANT FOOD INC,0,3.053225,2527.797428
4,BALTI/WASH - GIANT FOOD INC,0,3.769574,2083.663257
4,BALTI/WASH - GIANT FOOD INC,0,3.716331,2113.803139
4,BALTI/WASH - GIANT FOOD INC,0,3.780012,2077.805075
4,BALTI/WASH - GIANT FOOD INC,0.081,3.053379,3499.675611
4,BALTI/WASH - GIANT FOOD INC,0,3.777885,2078.997487
4,BALTI/WASH - GIANT FOOD INC,0.126,3.794942,2555.082278
4,BALTI/WASH - GIANT FOOD INC,0,3.778696,2078.542754
5,BALTI/WASH - SAFEWAY,0.0585,3.932223,2410.531060
5,BALTI/WASH - SAFEWAY,0,3.987176,1964.885038
5,BALTI/WASH - SAFEWAY,0.0745,3.186402,3307.654290
5,BALTI/WASH - SAFEWAY,0.115,3.986756,2355.405950
5,BALTI/WASH - SAFEWAY,0,4.119604,1895.938438
5,BALTI/WASH - SAFEWAY,0.075,4.11948,2226.45117
5,BALTI/WASH - SAFEWAY,0.058,4.120574,2225.418124
5,BALTI/WASH - SAFEWAY,0,3.320268,2352.124197
5,BALTI/WASH - SAFEWAY,0.0365,2.920301,3702.930861
5,BALTI/WASH - SAFEWAY,0,3.986778,1965.095984
6,BALTI/WASH - SUPER FRESH,0,3.79661,2068.52358
6,BALTI/WASH - SUPER FRESH,0,2.851205,2669.361209
6,BALTI/WASH - SUPER FRESH,0,3.879121,2022.995662
6,BALTI/WASH - SUPER FRESH,0,2.653274,2815.745689
6,BALTI/WASH - SUPER FRESH,0,3.773333,2081.551670
6,BALTI/WASH - SUPER FRESH,0,3.934314,1993.101974
6,BALTI/WASH - SUPER FRESH,0,3.8125,2059.6768
6,BALTI/WASH - SUPER FRESH,0,3.991051,1962.832405
6,BALTI/WASH - SUPER FRESH,0,3.90849,2007.03340
6,BALTI/WASH - SUPER FRESH,0,3.950053,1984.658632
7,BIRMINGHAM/MONTGOM - BRUNOS,0.180053,2.319594,4777.687077
7,BIRMINGHAM/MONTGOM - BRUNOS,0.075272,2.150139,5133.782693
7,BIRMINGHAM/MONTGOM - BRUNOS,0.277375,2.310977,4795.183891
7,BIRMINGHAM/MONTGOM - BRUNOS,0.07962,2.280898,4856.763023
7,BIRMINGHAM/MONTGOM - BRUNOS,0.066233,2.522353,4383.914871
7,BIRMINGHAM/MONTGOM - BRUNOS,0.575,2.279905,4858.809368
7,BIRMINGHAM/MONTGOM - BRUNOS,0.072508,2.588902,4261.881437
7,BIRMINGHAM/MONTGOM - BRUNOS,0.10533,2.34535,4725.76921
7,BIRMINGHAM/MONTGOM - BRUNOS,0.243746,2.320908,4775.024617
7,BIRMINGHAM/MONTGOM - BRUNOS,0.08149,2.287561,4843.054388
8,BIRMINGHAM/MONTGOM - KROGER,0.305,2.25319,4914.18765
8,BIRMINGHAM/MONTGOM - KROGER,0,2.27345,3119.51348
8,BIRMINGHAM/MONTGOM - KROGER,0.447,2.51932,4389.55911
8,BIRMINGHAM/MONTGOM - KROGER,0.305,2.253362,4913.829091
8,BIRMINGHAM/MONTGOM - KROGER,0,2.040669,3321.661374
8,BIRMINGHAM/MONTGOM - KROGER,0,2.654286,2814.977189
8,BIRMINGHAM/MONTGOM - KROGER,0.366,2.387033,4642.939050
8,BIRMINGHAM/MONTGOM - KROGER,0,2.027397,3333.573755
8,BIRMINGHAM/MONTGOM - KROGER,0,2.371533,3038.065988
8,BIRMINGHAM/MONTGOM - KROGER,0.491,2.624733,4197.589734
9,BIRMINGHAM/MONTGOM - WINN DIXIE,0.01978,2.398286,4620.827650
9,BIRMINGHAM/MONTGOM - WINN DIXIE,0.009943,2.349797,4716.862423
9,BIRMINGHAM/MONTGOM - WINN DIXIE,0.06825,2.29666,4824.39634
9,BIRMINGHAM/MONTGOM - WINN DIXIE,0.066518,2.297595,4822.483142
9,BIRMINGHAM/MONTGOM - WINN DIXIE,0,2.30136,3096.11744
9,BIRMINGHAM/MONTGOM - WINN DIXIE,0.041473,2.319017,4778.856678
9,BIRMINGHAM/MONTGOM - WINN DIXIE,0.045874,2.288338,4841.458289
9,BIRMINGHAM/MONTGOM - WINN DIXIE,0.020869,2.28551,4847.27004
9,BIRMINGHAM/MONTGOM - WINN DIXIE,0.046943,2.274751,4869.444436
9,BIRMINGHAM/MONTGOM - WINN DIXIE,0.06139,2.308057,4801.127473
10,BOSTON - SHAWS,0,2.418358,2999.936188
10,BOSTON - SHAWS,0,2.459169,2967.094131
10,BOSTON - SHAWS,0,2.429412,2991.004913
10,BOSTON - SHAWS,0,2.457166,2968.697593
10,BOSTON - SHAWS,0,2.420685,2998.053833
10,BOSTON - SHAWS,0,2.458396,2967.712838
10,BOSTON - SHAWS,0,2.4413,2981.4295
10,BOSTON - SHAWS,0,2.457607,2968.344485
10,BOSTON - SHAWS,0,2.450731,2973.854873
10,BOSTON - SHAWS,0,2.443745,2979.463892
11,BOSTON - STAR MARKET,0,3.136066,2471.940918
11,BOSTON - STAR MARKET,0.1795,3.115924,3408.040326
11,BOSTON - STAR MARKET,0,3.127483,2477.670320
11,BOSTON - STAR MARKET,0,3.134503,2472.983278
11,BOSTON - STAR MARKET,0,3.125512,2478.987893
11,BOSTON - STAR MARKET,0,3.120499,2482.342140
11,BOSTON - STAR MARKET,0,3.139601,2469.585057
11,BOSTON - STAR MARKET,0,3.127496,2477.661632
11,BOSTON - STAR MARKET,0,3.13007,2475.94203
11,BOSTON - STAR MARKET,0,3.117904,2484.080262
12,BOSTON - STOP & SHOP,0,2.493401,2939.823864
12,BOSTON - STOP & SHOP,0,2.564379,2884.076583
12,BOSTON - STOP & SHOP,0,2.343501,3061.124084
12,BOSTON - STOP & SHOP,0,2.386762,3025.612066
12,BOSTON - STOP & SHOP,0,2.514383,2923.232997
12,BOSTON - STOP & SHOP,0,2.401464,3013.637546
12,BOSTON - STOP & SHOP,0,2.534657,2907.290909
12,BOSTON - STOP & SHOP,0,2.519569,2919.146779
12,BOSTON - STOP & SHOP,0,2.470857,2957.754786
12,BOSTON - STOP & SHOP,0,2,3358
13,BUFFALO/ROCHESTER - TOPS MARKETS,0.5,1.97334,5533.63225
13,BUFFALO/ROCHESTER - TOPS MARKETS,0.11964,1.706695,6196.350986
13,BUFFALO/ROCHESTER - TOPS MARKETS,0,2.417843,3000.352941
13,BUFFALO/ROCHESTER - TOPS MARKETS,0.537,2.36,4696.49
13,BUFFALO/ROCHESTER - TOPS MARKETS,0.1405,3.13622,3378.82316
13,BUFFALO/ROCHESTER - TOPS MARKETS,0.1285,3.240427,3232.709949
13,BUFFALO/ROCHESTER - TOPS MARKETS,0.122,3.190633,3301.722790
13,BUFFALO/ROCHESTER - TOPS MARKETS,0,3.198056,2430.952306
13,BUFFALO/ROCHESTER - TOPS MARKETS,0.0395,3.243229,3228.869625
13,BUFFALO/ROCHESTER - TOPS MARKETS,0.079333,3.227894,3249.943229
14,BUFFALO/ROCHESTER - WEGMANS,0,3.359076,2327.631324
14,BUFFALO/ROCHESTER - WEGMANS,0.417,2.683862,4093.608207
14,BUFFALO/ROCHESTER - WEGMANS,0.240667,2.653371,4146.902522
14,BUFFALO/ROCHESTER - WEGMANS,0.213667,3.389871,3034.126716
14,BUFFALO/ROCHESTER - WEGMANS,0.107333,3.252369,3216.374340
14,BUFFALO/ROCHESTER - WEGMANS,0.243,2.679375,4101.407709
14,BUFFALO/ROCHESTER - WEGMANS,0.052667,3.278874,3180.412142
14,BUFFALO/ROCHESTER - WEGMANS,0.022591,3.353836,3080.865035
14,BUFFALO/ROCHESTER - WEGMANS,0,3.323401,2350.137341
14,BUFFALO/ROCHESTER - WEGMANS,0,3.38005,2314.50035
15,CHARLOTTE - BI LO,0,2.386328,3025.966273
15,CHARLOTTE - BI LO,0.638,2.3862,4644.5800
15,CHARLOTTE - BI LO,0.284,2.386473,4644.042173
15,CHARLOTTE - BI LO,0.177,2.387524,4641.972064
15,CHARLOTTE - BI LO,0.301,2.386689,4643.616652
15,CHARLOTTE - BI LO,0.311,2.386183,4644.613536
15,CHARLOTTE - BI LO,0.638,2.386252,4644.477584
15,CHARLOTTE - BI LO,0.167,2.386351,4644.282531
15,CHARLOTTE - BI LO,0,2.333127,3069.701653
15,CHARLOTTE - BI LO,0.503,2.386452,4644.083545
16,CHARLOTTE - FOOD LION,0.120149,2.449308,4521.886533
16,CHARLOTTE - FOOD LION,0.013269,2.485679,4452.652454
16,CHARLOTTE - FOOD LION,0.004414,2.441896,4536.127162
16,CHARLOTTE - FOOD LION,0.024231,2.741755,3994.296286
16,CHARLOTTE - FOOD LION,0,2.542529,2901.124365
16,CHARLOTTE - FOOD LION,0.038835,2.65992,4135.39752
16,CHARLOTTE - FOOD LION,0.12275,2.454446,4512.041171
16,CHARLOTTE - FOOD LION,0.079166,2.521099,4386.247611
16,CHARLOTTE - FOOD LION,0,2.748424,2744.399571
16,CHARLOTTE - FOOD LION,0.013412,2.142603,5150.221257
17,CHARLOTTE - HARRIS TEETER,0,2.333333,3069.531091
17,CHARLOTTE - HARRIS TEETER,0,2.721261,2764.580738
17,CHARLOTTE - HARRIS TEETER,0,2.459795,2966.593176
17,CHARLOTTE - HARRIS TEETER,0,2.472362,2956.554348
17,CHARLOTTE - HARRIS TEETER,0,2.47083,2957.77633
17,CHARLOTTE - HARRIS TEETER,0,2.458916,2967.296617
17,CHARLOTTE - HARRIS TEETER,0,2.708434,2774.162273
17,CHARLOTTE - HARRIS TEETER,0,2.449168,2975.108879
17,CHARLOTTE - HARRIS TEETER,0,2.470874,2957.741224
17,CHARLOTTE - HARRIS TEETER,0,2.491535,2941.303897
18,CHARLOTTE - WINN DIXIE,0.142099,2.882713,3762.449515
18,CHARLOTTE - WINN DIXIE,0.115072,2.256884,4906.492806
18,CHARLOTTE - WINN DIXIE,0.146936,2.342369,4731.749200
18,CHARLOTTE - WINN DIXIE,0.233,2.541961,4347.600247
18,CHARLOTTE - WINN DIXIE,0.221458,2.334069,4748.439178
18,CHARLOTTE - WINN DIXIE,0.026689,2.302876,4811.691398
18,CHARLOTTE - WINN DIXIE,0.040754,2.278552,4861.598978
18,CHARLOTTE - WINN DIXIE,0.3185,2.598776,4244.066825
18,CHARLOTTE - WINN DIXIE,0.368,2.333333,4749.921995
18,CHARLOTTE - WINN DIXIE,0.398,2.332949,4750.695822
19,CHICAGO - DOMINICK,0.039,3.230941,3245.745072
19,CHICAGO - DOMINICK,0.046,3.261254,3204.274018
19,CHICAGO - DOMINICK,0.423,3.256916,3210.176164
19,CHICAGO - DOMINICK,0.715,1.319995,7300.964350
19,CHICAGO - DOMINICK,0.438,2.386672,4643.650140
19,CHICAGO - DOMINICK,0.26,3.25177,3217.19175
19,CHICAGO - DOMINICK,0.25,3.238095,3235.909590
19,CHICAGO - DOMINICK,0.004141,2.652181,4148.996498
19,CHICAGO - DOMINICK,0.027591,2.651206,4150.712938
19,CHICAGO - DOMINICK,0.107,3.027565,3538.210521
20,CHICAGO - JEWEL,0,3.279779,2377.952757
20,CHICAGO - JEWEL,0.076305,3.129926,3387.856814
20,CHICAGO - JEWEL,0,3.231595,2409.059932
20,CHICAGO - JEWEL,0.047102,3.099253,3432.228001
20,CHICAGO - JEWEL,0.088376,2.702107,4062.046414
20,CHICAGO - JEWEL,0.17885,3.059344,3490.830974
20,CHICAGO - JEWEL,0.023714,2.72105,4029.53462
20,CHICAGO - JEWEL,0.03927,3.128322,3390.162862
20,CHICAGO - JEWEL,0,3.269305,2384.680334
20,CHICAGO - JEWEL,0,3.29064,2370.99665
21,CHICAGO - OMNI,0.639,2.223782,4975.878416
21,CHICAGO - OMNI,0.45,2.555765,4322.215391
21,CHICAGO - OMNI,0,2.667915,2804.647908
21,CHICAGO - OMNI,0,2.739941,2750.686275
21,CHICAGO - OMNI,0,2.729588,2758.378342
21,CHICAGO - OMNI,0,2.63356,2830.75818
21,CHICAGO - OMNI,0.187,2.757895,3967.041109
21,CHICAGO - OMNI,0.272,2.695126,4074.093913
21,CHICAGO - OMNI,0,2.669831,2803.198833
21,CHICAGO - OMNI,0,2.68343,2792.93537
22,CINCINNATI - KROGER CO,0.111,3.062437,3486.253615
22,CINCINNATI - KROGER CO,0,2.653087,2815.887718
22,CINCINNATI - KROGER CO,0.221,2.574834,4287.392081
22,CINCINNATI - KROGER CO,0.167,3.036643,3524.610831
22,CINCINNATI - KROGER CO,0,2.894338,2638.485115
22,CINCINNATI - KROGER CO,0.222,2.667034,4122.936110
22,CINCINNATI - KROGER CO,0.111,2.702023,4062.191165
22,CINCINNATI - KROGER CO,0,2.60666,2851.37211
22,CINCINNATI - KROGER CO,0.241,3.028645,3536.589834
22,CINCINNATI - KROGER CO,0.056,2.599974,4241.910472
23,CLEVELAND - STOP N SHOP,0.116349,2.467967,4486.234732
23,CLEVELAND - STOP N SHOP,0,3.087012,2504.865334
23,CLEVELAND - STOP N SHOP,0,2.947305,2601.057631
23,CLEVELAND - STOP N SHOP,0.006338,2.73194,4010.96209
23,CLEVELAND - STOP N SHOP,0.061379,2.543565,4344.642934
23,CLEVELAND - STOP N SHOP,0.038836,2.589988,4259.918428
23,CLEVELAND - STOP N SHOP,0.0208,3.089501,3446.456517
23,CLEVELAND - STOP N SHOP,0.067534,2.512153,4402.925364
23,CLEVELAND - STOP N SHOP,0.08091,2.444217,4531.663023
23,CLEVELAND - STOP N SHOP,0.036437,2.637179,4175.485528
24,"COLUMBUS,OH - BIG BEAR",0,3.545847,2213.275201
24,"COLUMBUS,OH - BIG BEAR",0.209,2.704279,4058.305344
24,"COLUMBUS,OH - BIG BEAR",0.2095,2.710766,4047.152585
24,"COLUMBUS,OH - BIG BEAR",0.0605,3.586364,2791.467337
24,"COLUMBUS,OH - BIG BEAR",0.0605,2.731329,4012.001856
24,"COLUMBUS,OH - BIG BEAR",0,3.338772,2340.413796
24,"COLUMBUS,OH - BIG BEAR",0.103447,3.205968,3280.313431
24,"COLUMBUS,OH - BIG BEAR",0,3.106534,2491.710208
24,"COLUMBUS,OH - BIG BEAR",0.061,2.445489,4529.218361
24,"COLUMBUS,OH - BIG BEAR",0,3.4458,2273.8151
25,"COLUMBUS,OH - KROGER CO",0.094128,2.21331,4998.03259
25,"COLUMBUS,OH - KROGER CO",0,2.386511,3025.816913
25,"COLUMBUS,OH - KROGER CO",0,2.386634,3025.716528
25,"COLUMBUS,OH - KROGER CO",0.14,3.186368,3307.701999
25,"COLUMBUS,OH - KROGER CO",0.075,3.097839,3434.287431
25,"COLUMBUS,OH - KROGER CO",0.06769,2.653106,4147.368736
25,"COLUMBUS,OH - KROGER CO",0.046994,2.652824,4147.864916
25,"COLUMBUS,OH - KROGER CO",0.14,2.919861,3703.622103
25,"COLUMBUS,OH - KROGER CO",0.407,2.386816,4643.366479
25,"COLUMBUS,OH - KROGER CO",0.042139,3.166269,3336.025358
26,DALLAS/FT. WORTH - ALBERTSONS,0,3.453839,2268.890006
26,DALLAS/FT. WORTH - ALBERTSONS,0,3.186723,2438.394732
26,DALLAS/FT. WORTH - ALBERTSONS,0,3.453782,2268.924889
26,DALLAS/FT. WORTH - ALBERTSONS,0,2.653543,2815.541394
26,DALLAS/FT. WORTH - ALBERTSONS,0,2.91972,2620.48298
26,DALLAS/FT. WORTH - ALBERTSONS,0,3.31982,2352.40844
26,DALLAS/FT. WORTH - ALBERTSONS,0,2.920247,2620.110514
26,DALLAS/FT. WORTH - ALBERTSONS,0.127,3.453045,2953.893029
26,DALLAS/FT. WORTH - ALBERTSONS,0,3.453548,2269.068101
26,DALLAS/FT. WORTH - ALBERTSONS,0.651,2.919993,3703.414717
27,DALLAS/FT. WORTH - KROGER CO,0.168473,2.653311,4147.008076
27,DALLAS/FT. WORTH - KROGER CO,0.0675,3.733482,2622.575859
27,DALLAS/FT. WORTH - KROGER CO,0.13066,3.639361,2729.408714
27,DALLAS/FT. WORTH - KROGER CO,0,3.732342,2104.694053
27,DALLAS/FT. WORTH - KROGER CO,0,3.598055,2182.326143
27,DALLAS/FT. WORTH - KROGER CO,0.035,3.053311,3499.776567
27,DALLAS/FT. WORTH - KROGER CO,0.2575,2.653495,4146.684387
27,DALLAS/FT. WORTH - KROGER CO,0,2.653645,2815.463932
27,DALLAS/FT. WORTH - KROGER CO,0.121565,2.467901,4486.360342
27,DALLAS/FT. WORTH - KROGER CO,0.043359,3.66064,2704.88127
28,DALLAS/FT. WORTH - TOM THUMB,0.0835,3.319946,3125.477992
28,DALLAS/FT. WORTH - TOM THUMB,0.0835,3.320029,3125.367945
28,DALLAS/FT. WORTH - TOM THUMB,0,2.666901,2805.415101
28,DALLAS/FT. WORTH - TOM THUMB,0,4.049327,1932.220287
28,DALLAS/FT. WORTH - TOM THUMB,0,2.666777,2805.508934
28,DALLAS/FT. WORTH - TOM THUMB,0,3.320481,2351.989065
28,DALLAS/FT. WORTH - TOM THUMB,0,3.319415,2352.665435
28,DALLAS/FT. WORTH - TOM THUMB,0.0695,3.187339,3306.339779
28,DALLAS/FT. WORTH - TOM THUMB,0.138,2.653435,4146.789935
28,DALLAS/FT. WORTH - TOM THUMB,0,3.319005,2352.925629
29,DALLAS/FT. WORTH - WINN DIXIE,0.130616,2.540661,4349.998549
29,DALLAS/FT. WORTH - WINN DIXIE,0.441,2.386922,4643.157684
29,DALLAS/FT. WORTH - WINN DIXIE,0.249,2.373198,4670.268971
29,DALLAS/FT. WORTH - WINN DIXIE,0.068186,2.373682,4669.310158
29,DALLAS/FT. WORTH - WINN DIXIE,0.068967,2.373806,4669.064543
29,DALLAS/FT. WORTH - WINN DIXIE,0.216,2.373541,4669.589461
29,DALLAS/FT. WORTH - WINN DIXIE,0.069135,2.372683,4671.289411
29,DALLAS/FT. WORTH - WINN DIXIE,0.051254,2.372646,4671.362733
29,DALLAS/FT. WORTH - WINN DIXIE,0.387,2.373665,4669.343832
29,DALLAS/FT. WORTH - WINN DIXIE,0.031065,2.373262,4670.142174
30,DENVER - KING SOOPERS INC,0.234,3.825843,2521.806736
30,DENVER - KING SOOPERS INC,0.168,2.705408,4056.362107
30,DENVER - KING SOOPERS INC,0,3.426295,2285.809368
30,DENVER - KING SOOPERS INC,0.323,2.702166,4061.944746
30,DENVER - KING SOOPERS INC,0.0775,3.327347,3115.680466
30,DENVER - KING SOOPERS INC,0.027,3.57532,2804.57629
30,DENVER - KING SOOPERS INC,0.1115,2.834112,3840.827078
30,DENVER - KING SOOPERS INC,0.234,2.726125,4020.868699
30,DENVER - KING SOOPERS INC,0.243,2.689274,4084.220560
30,DENVER - KING SOOPERS INC,0.0585,3.3258,3117.7259
31,DETROIT - FARMER JACKS,0,3.329126,2346.511049
31,DETROIT - FARMER JACKS,0.02896,2.435502,4548.447940
31,DETROIT - FARMER JACKS,0.10092,3.12697,3392.10783
31,DETROIT - FARMER JACKS,0,3.394394,2305.562837
31,DETROIT - FARMER JACKS,0.023813,2.839831,3831.520088
31,DETROIT - FARMER JACKS,0.013508,2.5,4425.7
31,DETROIT - FARMER JACKS,0.137712,2.562163,4310.500114
31,DETROIT - FARMER JACKS,0.166856,2.750353,3979.753853
31,DETROIT - FARMER JACKS,0.017997,3.248169,3222.110140
31,DETROIT - FARMER JACKS,0,3.278389,2378.844477
32,DETROIT - KROGER CO,0,2.747321,2745.216185
32,DETROIT - KROGER CO,0,2.727592,2759.863800
32,DETROIT - KROGER CO,0.0355,2.705238,4056.654652
32,DETROIT - KROGER CO,0,2.738447,2751.794961
32,DETROIT - KROGER CO,0,2.75017,2743.10740
32,DETROIT - KROGER CO,0,2.738905,2751.455035
32,DETROIT - KROGER CO,0,2.760615,2735.390042
32,DETROIT - KROGER CO,0,2.980189,2578.088781
32,DETROIT - KROGER CO,0,2.577548,2873.850301
32,DETROIT - KROGER CO,0,2.731121,2757.237999
33,HARRISBURG/SCRANTN - GIANT FOOD STO,0.15,2.653846,4146.066987
33,HARRISBURG/SCRANTN - GIANT FOOD STO,0.12,2.678873,4102.281232
33,HARRISBURG/SCRANTN - GIANT FOOD STO,0.702,2.624183,4198.569234
33,HARRISBURG/SCRANTN - GIANT FOOD STO,0.26,2.635092,4179.183919
33,HARRISBURG/SCRANTN - GIANT FOOD STO,0.173,2.556452,4320.955911
33,HARRISBURG/SCRANTN - GIANT FOOD STO,0.15,2.543269,4345.188521
33,HARRISBURG/SCRANTN - GIANT FOOD STO,0.647,2.487352,4449.493438
33,HARRISBURG/SCRANTN - GIANT FOOD STO,0.119,2.537263,4356.273592
33,HARRISBURG/SCRANTN - GIANT FOOD STO,0.15,3.122278,3398.866344
33,HARRISBURG/SCRANTN - GIANT FOOD STO,0.188,2.960926,3639.661538
34,HARTFORD - STOP & SHOP,0,3.350068,2333.293711
34,HARTFORD - STOP & SHOP,0,3.370099,2320.721010
34,HARTFORD - STOP & SHOP,0,3.410112,2295.808826
34,HARTFORD - STOP & SHOP,0,3.373737,2318.444856
34,HARTFORD - STOP & SHOP,0,2.653256,2815.759360
34,HARTFORD - STOP & SHOP,0,3.364305,2324.350705
34,HARTFORD - STOP & SHOP,0,3.403226,2300.076934
34,HARTFORD - STOP & SHOP,0,3.402532,2300.507532
34,HARTFORD - STOP & SHOP,0,3.393557,2306.083409
34,HARTFORD - STOP & SHOP,0,3.29387,2368.93187
35,HOUSTON - KROGER CO,0.079006,2.430452,4558.202575
35,HOUSTON - KROGER CO,0.095,2.494868,4435.329099
35,HOUSTON - KROGER CO,0.091073,2.512445,4402.379997
35,HOUSTON - KROGER CO,0,2.481507,2949.270460
35,HOUSTON - KROGER CO,0.058,2.705134,4056.833631
35,HOUSTON - KROGER CO,0.015116,2.724352,4023.894101
35,HOUSTON - KROGER CO,0.146332,2.382119,4652.627896
35,HOUSTON - KROGER CO,0.092086,2.727888,4017.862616
35,HOUSTON - KROGER CO,0,2.76656,2731.00724
35,HOUSTON - KROGER CO,0,2.475199,2954.292787
36,HOUSTON - RANDALLS,0.158,2.480517,4462.413661
36,HOUSTON - RANDALLS,0.117667,3.663161,2701.990062
36,HOUSTON - RANDALLS,0,2.813648,2696.539936
36,HOUSTON - RANDALLS,0,2.817859,2693.478856
36,HOUSTON - RANDALLS,0.04367,2.818243,3866.770550
36,HOUSTON - RANDALLS,0.047,2.804886,3888.743050
36,HOUSTON - RANDALLS,0,3.676425,2136.678682
36,HOUSTON - RANDALLS,0,2.834118,2681.692360
36,HOUSTON - RANDALLS,0,2.81691,2694.16840
36,HOUSTON - RANDALLS,0.057667,2.393158,4630.890741
37,INDIANAPOLIS - KROGER CO,0.081,2.391012,4635.108513
37,INDIANAPOLIS - KROGER CO,0.238,2.652851,4147.817407
37,INDIANAPOLIS - KROGER CO,0.014315,2.399569,4618.313337
37,INDIANAPOLIS - KROGER CO,0.083984,2.39338,4630.45464
37,INDIANAPOLIS - KROGER CO,0.241,2.653362,4146.918355
37,INDIANAPOLIS - KROGER CO,0.191,2.653074,4147.425037
37,INDIANAPOLIS - KROGER CO,0.238,2.653036,4147.491896
37,INDIANAPOLIS - KROGER CO,0.214,2.387056,4642.893749
37,INDIANAPOLIS - KROGER CO,0.516,2.653397,4146.856783
37,INDIANAPOLIS - KROGER CO,0.076,2.653721,4146.286848
38,"JACKSONVILLE,FL - FOOD LION",0.159606,2.412857,4592.352980
38,"JACKSONVILLE,FL - FOOD LION",0.128263,2.448737,4522.982000
38,"JACKSONVILLE,FL - FOOD LION",0.118492,2.614743,4215.416691
38,"JACKSONVILLE,FL - FOOD LION",0.266,2.589838,4260.189508
38,"JACKSONVILLE,FL - FOOD LION",0.682,2.292241,4833.448770
38,"JACKSONVILLE,FL - FOOD LION",0.424043,2.665222,4126.106574
38,"JACKSONVILLE,FL - FOOD LION",0.3405,2.717949,4034.838985
38,"JACKSONVILLE,FL - FOOD LION",0.153858,2.384843,4647.254539
38,"JACKSONVILLE,FL - FOOD LION",0.077333,2.752144,3976.731272
38,"JACKSONVILLE,FL - FOOD LION",0.099738,2.339757,4736.995180
39,"JACKSONVILLE,FL - PUBLIX",0,2.694459,2784.639147
39,"JACKSONVILLE,FL - PUBLIX",0.0925,2.731176,4012.262266
39,"JACKSONVILLE,FL - PUBLIX",0.015629,2.73393,4007.57747
39,"JACKSONVILLE,FL - PUBLIX",0,2.993426,2568.900345
39,"JACKSONVILLE,FL - PUBLIX",0,3.128602,2476.922603
39,"JACKSONVILLE,FL - PUBLIX",0.024284,2.517903,4392.198550
39,"JACKSONVILLE,FL - PUBLIX",0.043,2.764256,3956.350624
39,"JACKSONVILLE,FL - PUBLIX",0,2.851012,2669.500174
39,"JACKSONVILLE,FL - PUBLIX",0,3.016653,2552.856446
39,"JACKSONVILLE,FL - PUBLIX",0,2.993769,2568.662688
40,"JACKSONVILLE,FL - WINN DIXIE",0,2.268563,3123.628238
40,"JACKSONVILLE,FL - WINN DIXIE",0,2.435514,2986.086090
40,"JACKSONVILLE,FL - WINN DIXIE",0,2.887836,2643.116509
40,"JACKSONVILLE,FL - WINN DIXIE",0,2.530103,2910.864275
40,"JACKSONVILLE,FL - WINN DIXIE",0.079674,2.433502,4552.308662
40,"JACKSONVILLE,FL - WINN DIXIE",0,2.434145,2987.188937
40,"JACKSONVILLE,FL - WINN DIXIE",0,2.531659,2909.642842
40,"JACKSONVILLE,FL - WINN DIXIE",0,2.699585,2780.791666
40,"JACKSONVILLE,FL - WINN DIXIE",0,2.667272,2805.134378
40,"JACKSONVILLE,FL - WINN DIXIE",0.004685,2.430782,4557.564505
41,LITTLE ROCK - HARVEST FOODS,0,2.927471,2615.010122
41,LITTLE ROCK - HARVEST FOODS,0.145654,2.897436,3739.023276
41,LITTLE ROCK - HARVEST FOODS,0.017569,2.447107,4526.110627
41,LITTLE ROCK - HARVEST FOODS,0.014865,2.434407,4550.561279
41,LITTLE ROCK - HARVEST FOODS,0.06274,2.680269,4099.852534
41,LITTLE ROCK - HARVEST FOODS,0.01765,2.901543,3732.514554
41,LITTLE ROCK - HARVEST FOODS,0.043537,2.41793,4582.48055
41,LITTLE ROCK - HARVEST FOODS,0,2.853789,2667.501360
41,LITTLE ROCK - HARVEST FOODS,0.068988,2.764563,3955.835400
41,LITTLE ROCK - HARVEST FOODS,0.062966,2.683279,4094.620765
42,LOS ANGELES - LUCKY,0.116,2.624142,4198.642261
42,LOS ANGELES - LUCKY,0.0845,2.914849,3711.505087
42,LOS ANGELES - LUCKY,0.0415,3.129266,3388.805497
42,LOS ANGELES - LUCKY,0.086,2.740058,3997.172820
42,LOS ANGELES - LUCKY,0.08,3.488021,2910.388136
42,LOS ANGELES - LUCKY,0.1155,2.677161,4105.261656
42,LOS ANGELES - LUCKY,0.1605,2.900865,3733.588258
42,LOS ANGELES - LUCKY,0.0865,2.519781,4388.700744
42,LOS ANGELES - LUCKY,0.1165,3.254044,3214.089698
42,LOS ANGELES - LUCKY,0.0845,2.901173,3733.100460
43,LOS ANGELES - RALPHS,0.29,3.050606,3503.794919
43,LOS ANGELES - RALPHS,0.012776,3.73164,2624.62598
43,LOS ANGELES - RALPHS,0.571,2.653371,4146.902522
43,LOS ANGELES - RALPHS,0.108677,2.653446,4146.770584
43,LOS ANGELES - RALPHS,0.144,3.053675,3499.236187
43,LOS ANGELES - RALPHS,0.297,3.052765,3500.587294
43,LOS ANGELES - RALPHS,0.622,2.650506,4151.945692
43,LOS ANGELES - RALPHS,0.465,2.213357,4997.932938
43,LOS ANGELES - RALPHS,0.197,3.719727,2637.923707
43,LOS ANGELES - RALPHS,0.535,2.770796,3945.389342
44,LOS ANGELES - VONS,0,3.74912,2095.19072
44,LOS ANGELES - VONS,0,3.491639,2245.874401
44,LOS ANGELES - VONS,0,3.761611,2088.143484
44,LOS ANGELES - VONS,0.1515,3.645683,2722.098469
44,LOS ANGELES - VONS,0,3.278703,2378.643009
44,LOS ANGELES - VONS,0,3.754328,2092.249556
44,LOS ANGELES - VONS,0.074,3.567818,2813.516063
44,LOS ANGELES - VONS,0,3.746748,2096.531648
44,LOS ANGELES - VONS,0,3.563016,2203.049232
44,LOS ANGELES - VONS,0.036,2.756354,3969.635303
45,LOUISVILLE - KROGER CO,0.062149,2.705926,4055.470836
45,LOUISVILLE - KROGER CO,0.076787,2.690085,4082.815657
45,LOUISVILLE - KROGER CO,0.074207,2.681575,4097.581717
45,LOUISVILLE - KROGER CO,0,2.442341,2980.592431
45,LOUISVILLE - KROGER CO,0.139602,2.051675,5352.764479
45,LOUISVILLE - KROGER CO,0.037598,2.436771,4546.000009
45,LOUISVILLE - KROGER CO,0.106402,2.691099,4081.059774
45,LOUISVILLE - KROGER CO,0,2.691851,2786.598707
45,LOUISVILLE - KROGER CO,0.10881,2.447791,4524.797492
45,LOUISVILLE - KROGER CO,0.090667,2.715003,4039.884685
46,LOUISVILLE - WINN DIXIE,0.159467,2.362432,4691.647584
46,LOUISVILLE - WINN DIXIE,0.262,2.600459,4241.037803
46,LOUISVILLE - WINN DIXIE,0.462,2.600355,4241.224916
46,LOUISVILLE - WINN DIXIE,0,2.359502,3047.940896
46,LOUISVILLE - WINN DIXIE,0,2.600599,2856.037437
46,LOUISVILLE - WINN DIXIE,0,2.600506,2856.109082
46,LOUISVILLE - WINN DIXIE,0.124,2.600559,4240.857893
46,LOUISVILLE - WINN DIXIE,0.21,2.599919,4242.009446
46,LOUISVILLE - WINN DIXIE,0.224,2.600247,4241.419236
46,LOUISVILLE - WINN DIXIE,0,2.359773,3047.718109
47,MIAMI - PUBLIX,0.032858,2.402562,4612.453230
47,MIAMI - PUBLIX,0.059462,2.584553,4269.751579
47,MIAMI - PUBLIX,0.037838,2.483068,4457.587115
47,MIAMI - PUBLIX,0.058673,2.63933,4171.67715
47,MIAMI - PUBLIX,0.026555,2.5546,4324.3520
47,MIAMI - PUBLIX,0.002677,2.746041,3987.040427
47,MIAMI - PUBLIX,0.011173,2.698924,4067.535069
47,MIAMI - PUBLIX,0.132143,2.649228,4154.197292
47,MIAMI - PUBLIX,0.005177,2.754505,3972.750238
47,MIAMI - PUBLIX,0.0625,2.632745,4183.346972
48,MIAMI - WINN DIXIE,0,2.531978,2909.392496
48,MIAMI - WINN DIXIE,0,2.526197,2913.932677
48,MIAMI - WINN DIXIE,0,2.512433,2924.770944
48,MIAMI - WINN DIXIE,0.1455,2.499604,4426.426999
48,MIAMI - WINN DIXIE,0,2.508308,2928.026961
48,MIAMI - WINN DIXIE,0,2.542971,2900.778511
48,MIAMI - WINN DIXIE,0.114107,2.534996,4360.465065
48,MIAMI - WINN DIXIE,0,2.500789,2933.971318
48,MIAMI - WINN DIXIE,0,2.538376,2904.375992
48,MIAMI - WINN DIXIE,0,2.513454,2923.965590
49,MILWAUKEE - KOHLS FOOD STORE,0,3.252328,2395.625317
49,MILWAUKEE - KOHLS FOOD STORE,0,3.04375,2534.26596
49,MILWAUKEE - KOHLS FOOD STORE,0,3.261132,2389.943168
49,MILWAUKEE - KOHLS FOOD STORE,0.054,3.130158,3387.523401
49,MILWAUKEE - KOHLS FOOD STORE,0,3.046278,2532.538492
49,MILWAUKEE - KOHLS FOOD STORE,0.063,3.125833,3393.744370
49,MILWAUKEE - KOHLS FOOD STORE,0,3.139899,2469.386561
49,MILWAUKEE - KOHLS FOOD STORE,0,3.153495,2460.347290
49,MILWAUKEE - KOHLS FOOD STORE,0,2.677576,2797.348898
49,MILWAUKEE - KOHLS FOOD STORE,0,3.054342,2527.035947
50,NASHVILLE - KROGER CO,0,2.718849,2766.379928
50,NASHVILLE - KROGER CO,0.333,2.386396,4644.193873
50,NASHVILLE - KROGER CO,0.472,2.253484,4913.574783
50,NASHVILLE - KROGER CO,0.19,2.046154,5365.315981
50,NASHVILLE - KROGER CO,0.181,2.807708,3884.090432
50,NASHVILLE - KROGER CO,0.195,2.253036,4914.508699
50,NASHVILLE - KROGER CO,0.133,2.25329,4913.97918
50,NASHVILLE - KROGER CO,0.319,2.012728,5441.938008
50,NASHVILLE - KROGER CO,0.15,2.581594,4275.114623
50,NASHVILLE - KROGER CO,0.205,2.827953,3850.875401
51,NEW ENGLAND (NORTH) - SHOP N SAVE,0.599,1.986582,5502.634101
51,NEW ENGLAND (NORTH) - SHOP N SAVE,0.228,2.106527,5229.647295
51,NEW ENGLAND (NORTH) - SHOP N SAVE,0.1295,2.106632,5229.414356
51,NEW ENGLAND (NORTH) - SHOP N SAVE,0.56,1.986506,5502.811512
51,NEW ENGLAND (NORTH) - SHOP N SAVE,0.227,2.106621,5229.438759
51,NEW ENGLAND (NORTH) - SHOP N SAVE,0.215,2.106913,5228.791016
51,NEW ENGLAND (NORTH) - SHOP N SAVE,0.5075,2.106588,5229.511967
51,NEW ENGLAND (NORTH) - SHOP N SAVE,0.228,2.106542,5229.614018
51,NEW ENGLAND (NORTH) - SHOP N SAVE,0.181,2.106548,5229.600707
51,NEW ENGLAND (NORTH) - SHOP N SAVE,0.229,2.106625,5229.429885
52,NEW ORLEANS - WINN DIXIE,0,2.868962,2656.606618
52,NEW ORLEANS - WINN DIXIE,0.138122,2.379845,4657.118341
52,NEW ORLEANS - WINN DIXIE,0.064266,2.793672,3907.286664
52,NEW ORLEANS - WINN DIXIE,0.027866,2.380086,4656.642236
52,NEW ORLEANS - WINN DIXIE,0.118821,2.387958,4641.117502
52,NEW ORLEANS - WINN DIXIE,0,2.791539,2712.668689
52,NEW ORLEANS - WINN DIXIE,0.053033,2.414985,4588.209149
52,NEW ORLEANS - WINN DIXIE,0.012513,2.546074,4340.021095
52,NEW ORLEANS - WINN DIXIE,0,2.939438,2606.582846
52,NEW ORLEANS - WINN DIXIE,0,2.858667,2663.993922
53,NEW YORK (NEW) - A & P,0.1405,3.478993,2921.555882
53,NEW YORK (NEW) - A & P,0.057018,2.709558,4049.227112
53,NEW YORK (NEW) - A & P,0,4.394828,1760.288585
53,NEW YORK (NEW) - A & P,0,3.504492,2238.101795
53,NEW YORK (NEW) - A & P,0,3.52919,2223.24158
53,NEW YORK (NEW) - A & P,0,4.391789,1761.732102
53,NEW YORK (NEW) - A & P,0.118,4.39378,1981.87897
53,NEW YORK (NEW) - A & P,0,4.404065,1755.908292
53,NEW YORK (NEW) - A & P,0,4.399294,1758.169393
53,NEW YORK (NEW) - A & P,0,4.399927,1757.869231
54,NEW YORK (NEW) - PATHMARK,0.2175,2.653377,4146.891967
54,NEW YORK (NEW) - PATHMARK,0.225086,3.060606,3488.962603
54,NEW YORK (NEW) - PATHMARK,0.144514,4.386542,1987.973690
54,NEW YORK (NEW) - PATHMARK,0.185729,4.386955,1987.625422
54,NEW YORK (NEW) - PATHMARK,0.024939,4.386415,1988.080797
54,NEW YORK (NEW) - PATHMARK,0.058372,4.386968,1987.614460
54,NEW YORK (NEW) - PATHMARK,0.048,4.484246,1907.260431
54,NEW YORK (NEW) - PATHMARK,0.185416,4.38692,1987.65493
54,NEW YORK (NEW) - PATHMARK,0.113209,4.479816,1910.848105
54,NEW YORK (NEW) - PATHMARK,0.312108,2.430326,4558.446225
55,NEW YORK (NEW) - WALDBAUMS,0,4.521242,1701.278652
55,NEW YORK (NEW) - WALDBAUMS,0,4.484724,1718.119049
55,NEW YORK (NEW) - WALDBAUMS,0,4.523236,1700.363879
55,NEW YORK (NEW) - WALDBAUMS,0,4.512059,1705.497824
55,NEW YORK (NEW) - WALDBAUMS,0,3.897652,2012.909217
55,NEW YORK (NEW) - WALDBAUMS,0,4.491224,1715.109405
55,NEW YORK (NEW) - WALDBAUMS,0,4.452537,1733.100353
55,NEW YORK (NEW) - WALDBAUMS,0,4.480026,1720.297615
55,NEW YORK (NEW) - WALDBAUMS,0,4.631313,1651.511065
55,NEW YORK (NEW) - WALDBAUMS,0,4.437279,1740.247695
56,OKLAHOMA CITY - HOMELAND,0.143988,2.398297,4620.806087
56,OKLAHOMA CITY - HOMELAND,0,3.237776,2405.046891
56,OKLAHOMA CITY - HOMELAND,0.33389,2.768741,3948.830322
56,OKLAHOMA CITY - HOMELAND,0.138909,2.403897,4609.841781
56,OKLAHOMA CITY - HOMELAND,0.135,3.451582,2955.726884
56,OKLAHOMA CITY - HOMELAND,0.274062,2.386918,4643.165563
56,OKLAHOMA CITY - HOMELAND,0.472,2.621545,4203.270451
56,OKLAHOMA CITY - HOMELAND,0.392,3.072384,3471.573608
56,OKLAHOMA CITY - HOMELAND,0.468347,2.43746,4544.67146
56,OKLAHOMA CITY - HOMELAND,0.240949,2.516961,4393.954090
57,"ORLANDO,FL - FOOD LION",0.284642,2.37827,4660.23102
57,"ORLANDO,FL - FOOD LION",0.043608,2.265966,4887.625606
57,"ORLANDO,FL - FOOD LION",0.080816,2.596195,4248.716248
57,"ORLANDO,FL - FOOD LION",0.04627,2.48004,4463.31674
57,"ORLANDO,FL - FOOD LION",0.043,2.496786,4431.721744
57,"ORLANDO,FL - FOOD LION",0,2.614304,2845.499158
57,"ORLANDO,FL - FOOD LION",0.172251,2.596931,4247.389896
57,"ORLANDO,FL - FOOD LION",0.039653,2.383621,4649.664286
57,"ORLANDO,FL - FOOD LION",0.11916,2.658745,4137.459355
57,"ORLANDO,FL - FOOD LION",0.069948,2.573316,4290.153905
58,"ORLANDO,FL - PUBLIX",0,2.590801,2863.595397
58,"ORLANDO,FL - PUBLIX",0.071,2.698211,4068.765557
58,"ORLANDO,FL - PUBLIX",0.0625,2.761279,3961.350267
58,"ORLANDO,FL - PUBLIX",0,2.655755,2813.862022
58,"ORLANDO,FL - PUBLIX",0,2.750853,2742.602100
58,"ORLANDO,FL - PUBLIX",0.219,2.982567,3606.400373
58,"ORLANDO,FL - PUBLIX",0.04,2.51029,4406.40647
58,"ORLANDO,FL - PUBLIX",0.023443,2.923769,3697.487134
58,"ORLANDO,FL - PUBLIX",0.008785,3.019943,3549.669504
58,"ORLANDO,FL - PUBLIX",0.040062,2.457549,4506.105632
59,"ORLANDO,FL - WINN DIXIE",0.094685,2.731459,4011.780606
59,"ORLANDO,FL - WINN DIXIE",0.053401,2.40065,4616.19595
59,"ORLANDO,FL - WINN DIXIE",0,2.505125,2930.541900
59,"ORLANDO,FL - WINN DIXIE",0,2.533288,2908.364654
59,"ORLANDO,FL - WINN DIXIE",0.273752,2.588493,4262.620963
59,"ORLANDO,FL - WINN DIXIE",0.133778,2.430943,4557.253236
59,"ORLANDO,FL - WINN DIXIE",0.053826,2.562628,4309.649899
59,"ORLANDO,FL - WINN DIXIE",0.187571,2.634851,4179.611208
59,"ORLANDO,FL - WINN DIXIE",0.123457,2.48652,4451.06417
59,"ORLANDO,FL - WINN DIXIE",0.029804,2.884192,3760.089615
60,PHILADELPHIA - ACME MARKET,0.1395,2.653382,4146.883171
60,PHILADELPHIA - ACME MARKET,0,3.649625,2152.180189
60,PHILADELPHIA - ACME MARKET,0.132,2.386825,4643.348751
60,PHILADELPHIA - ACME MARKET,0.306,3.690714,2670.591619
60,PHILADELPHIA - ACME MARKET,0.066,3.652698,2714.009809
60,PHILADELPHIA - ACME MARKET,0.1945,3.039077,3520.973367
60,PHILADELPHIA - ACME MARKET,0.1485,3.670556,2693.526912
60,PHILADELPHIA - ACME MARKET,0.187031,3.686405,2675.477829
60,PHILADELPHIA - ACME MARKET,0.0925,3.634078,2735.532600
60,PHILADELPHIA - ACME MARKET,0.073,3.433781,2978.131663
61,PHOENIX - FRYS FOOD STORE,0,2.653126,2815.858096
61,PHOENIX - FRYS FOOD STORE,0.156,3.587515,2790.104660
61,PHOENIX - FRYS FOOD STORE,0.139,3.587356,2790.292862
61,PHOENIX - FRYS FOOD STORE,0.156,3.586064,2791.822619
61,PHOENIX - FRYS FOOD STORE,0,3.453211,2269.274366
61,PHOENIX - FRYS FOOD STORE,0.16,2.653132,4147.322992
61,PHOENIX - FRYS FOOD STORE,0,3.484314,2250.316124
61,PHOENIX - FRYS FOOD STORE,0,3.587451,2188.577004
61,PHOENIX - FRYS FOOD STORE,0,2.573017,2877.364715
61,PHOENIX - FRYS FOOD STORE,0,3.587724,2188.415851
62,PHOENIX - SAFEWAY,0.17,3.053902,3498.899234
62,PHOENIX - SAFEWAY,0,3.318979,2352.942130
62,PHOENIX - SAFEWAY,0,3.588462,2187.980267
62,PHOENIX - SAFEWAY,0.542,3.587433,2790.201719
62,PHOENIX - SAFEWAY,0,3.587065,2188.804881
62,PHOENIX - SAFEWAY,0.173,3.585044,2793.030914
62,PHOENIX - SAFEWAY,0.307,3.586592,2791.197354
62,PHOENIX - SAFEWAY,0.363,2.653887,4145.994875
62,PHOENIX - SAFEWAY,0,3.587045,2188.816689
62,PHOENIX - SAFEWAY,0.169,3.587067,2790.634971
63,PHOENIX - SMITHS FOOD,0.482,3.318567,3127.306929
63,PHOENIX - SMITHS FOOD,0.185,3.318902,3126.862528
63,PHOENIX - SMITHS FOOD,0.314,2.975624,3617.038177
63,PHOENIX - SMITHS FOOD,0,3.364537,2324.205258
63,PHOENIX - SMITHS FOOD,0.308,3.321309,3123.671326
63,PHOENIX - SMITHS FOOD,0.332,3.186559,3307.434000
63,PHOENIX - SMITHS FOOD,0.19,2.830176,3847.245579
63,PHOENIX - SMITHS FOOD,0.15,3.350353,3085.420557
63,PHOENIX - SMITHS FOOD,0.332,3.186515,3307.495736
63,PHOENIX - SMITHS FOOD,0.393,3.055198,3496.976106
64,PITTSBURGH - GIANT EAGLE,0,2.314274,3085.351518
64,PITTSBURGH - GIANT EAGLE,0.159,3.325553,3118.052560
64,PITTSBURGH - GIANT EAGLE,0,3.326592,2348.115428
64,PITTSBURGH - GIANT EAGLE,0,2.244589,3143.892651
64,PITTSBURGH - GIANT EAGLE,0.095466,3.276613,3183.464134
64,PITTSBURGH - GIANT EAGLE,0.0635,3.326373,3116.968101
64,PITTSBURGH - GIANT EAGLE,0.126597,3.327184,3115.895917
64,PITTSBURGH - GIANT EAGLE,0,3.327641,2347.451130
64,PITTSBURGH - GIANT EAGLE,0.252495,2.281085,4856.377756
64,PITTSBURGH - GIANT EAGLE,0.162,3.326379,3116.960168
65,RALEIGH/GREENSBORO - FOOD LION,0.126932,2.470898,4480.660065
65,RALEIGH/GREENSBORO - FOOD LION,0.023118,2.479036,4465.218142
65,RALEIGH/GREENSBORO - FOOD LION,0.03138,2.253319,4913.918727
65,RALEIGH/GREENSBORO - FOOD LION,0.095188,2.82241,3859.94120
65,RALEIGH/GREENSBORO - FOOD LION,0.065279,2.25337,4913.81241
65,RALEIGH/GREENSBORO - FOOD LION,0.050892,2.946581,3661.877995
65,RALEIGH/GREENSBORO - FOOD LION,0.125,2.464668,4492.517621
65,RALEIGH/GREENSBORO - FOOD LION,0.166531,2.454206,4512.500578
65,RALEIGH/GREENSBORO - FOOD LION,0.020749,2.683868,4093.597788
65,RALEIGH/GREENSBORO - FOOD LION,0.195128,2.507412,4411.789557
66,RALEIGH/GREENSBORO - WINN DIXIE,0.049264,2.433168,4552.953722
66,RALEIGH/GREENSBORO - WINN DIXIE,0.06786,2.583627,4271.429185
66,RALEIGH/GREENSBORO - WINN DIXIE,0.033385,2.361778,4692.949415
66,RALEIGH/GREENSBORO - WINN DIXIE,0.019359,2.40488,4607.91984
66,RALEIGH/GREENSBORO - WINN DIXIE,0.019777,2.548659,4335.264399
66,RALEIGH/GREENSBORO - WINN DIXIE,0.040221,2.602582,4237.219963
66,RALEIGH/GREENSBORO - WINN DIXIE,0.052245,2.757795,3967.209402
66,RALEIGH/GREENSBORO - WINN DIXIE,0.024849,2.487379,4449.442474
66,RALEIGH/GREENSBORO - WINN DIXIE,0.049374,2.432528,4554.190021
66,RALEIGH/GREENSBORO - WINN DIXIE,0.037605,2.585938,4267.243646
67,RICHMOND/NORFOLK - FOOD LION,0.174422,3.004274,3573.343116
67,RICHMOND/NORFOLK - FOOD LION,0,2.749003,2743.971001
67,RICHMOND/NORFOLK - FOOD LION,0.091216,2.5,4425.7
67,RICHMOND/NORFOLK - FOOD LION,0,3.026763,2545.904366
67,RICHMOND/NORFOLK - FOOD LION,0.080871,2.895139,3742.668480
67,RICHMOND/NORFOLK - FOOD LION,0.045056,2.469485,4483.346680
67,RICHMOND/NORFOLK - FOOD LION,0.146869,2.425808,4567.191439
67,RICHMOND/NORFOLK - FOOD LION,0.065159,2.447205,4525.922464
67,RICHMOND/NORFOLK - FOOD LION,0.149547,2.282135,4854.215056
67,RICHMOND/NORFOLK - FOOD LION,0,2.790068,2713.745216
68,RICHMOND/NORFOLK - NEW FARM FRESH,0.15988,2.588358,4262.865089
68,RICHMOND/NORFOLK - NEW FARM FRESH,0,2.54023,2902.92394
68,RICHMOND/NORFOLK - NEW FARM FRESH,0.037213,2.601928,4238.395699
68,RICHMOND/NORFOLK - NEW FARM FRESH,0.171708,2.824425,3856.643122
68,RICHMOND/NORFOLK - NEW FARM FRESH,0.058358,2.808634,3882.564953
68,RICHMOND/NORFOLK - NEW FARM FRESH,0.159782,2.235938,4950.284762
68,RICHMOND/NORFOLK - NEW FARM FRESH,0.105182,2.808375,3882.991565
68,RICHMOND/NORFOLK - NEW FARM FRESH,0,2.528416,2912.189120
68,RICHMOND/NORFOLK - NEW FARM FRESH,0.097083,3.495122,2901.634115
68,RICHMOND/NORFOLK - NEW FARM FRESH,0,2.507058,2929.014349
69,ROANOKE (NEW) - FOOD LION,0,3.023256,2548.313786
69,ROANOKE (NEW) - FOOD LION,0.162356,2.253548,4913.441381
69,ROANOKE (NEW) - FOOD LION,0,2.269154,3123.130339
69,ROANOKE (NEW) - FOOD LION,0,2.998596,2565.320500
69,ROANOKE (NEW) - FOOD LION,0.042578,2.274599,4869.758435
69,ROANOKE (NEW) - FOOD LION,0,2.672422,2801.240444
69,ROANOKE (NEW) - FOOD LION,0.045917,2.448896,4522.676931
69,ROANOKE (NEW) - FOOD LION,0,2.963532,2589.697917
69,ROANOKE (NEW) - FOOD LION,0.027229,2.762878,3958.664084
69,ROANOKE (NEW) - FOOD LION,0.146974,2.266768,4885.963000
70,ROANOKE (NEW) - KROGER CO,0.018291,2.622847,4200.949481
70,ROANOKE (NEW) - KROGER CO,0.012842,2.429838,4559.390009
70,ROANOKE (NEW) - KROGER CO,0.01419,2.441033,4537.788150
70,ROANOKE (NEW) - KROGER CO,0.014475,2.458922,4503.481797
70,ROANOKE (NEW) - KROGER CO,0.205876,2.330976,4754.673753
70,ROANOKE (NEW) - KROGER CO,0.003402,2.897966,3738.182701
70,ROANOKE (NEW) - KROGER CO,0.017382,2.68911,4084.50472
70,ROANOKE (NEW) - KROGER CO,0.020438,2.940349,3671.571853
70,ROANOKE (NEW) - KROGER CO,0.069931,2.454533,4511.874647
70,ROANOKE (NEW) - KROGER CO,0.015909,2.538027,4354.861935
71,SACRAMENTO - RALEYS,0.2615,3.852786,2493.147190
71,SACRAMENTO - RALEYS,0.173,3.852783,2493.150363
71,SACRAMENTO - RALEYS,0.814,2.652669,4148.137664
71,SACRAMENTO - RALEYS,0.327,2.652669,4148.137664
71,SACRAMENTO - RALEYS,0.174,3.853317,2492.585645
71,SACRAMENTO - RALEYS,0.304,3.719341,2638.355699
71,SACRAMENTO - RALEYS,0.318,2.653761,4146.216491
71,SACRAMENTO - RALEYS,0.1825,3.733737,2622.292174
71,SACRAMENTO - RALEYS,0.173,3.853047,2492.871160
71,SACRAMENTO - RALEYS,0.8145,2.661317,4132.947461
72,SALT LAKE CITY - SMITHS FOOD,0.114,3.054333,3498.259558
72,SALT LAKE CITY - SMITHS FOOD,0.199,2.386299,4644.384982
72,SALT LAKE CITY - SMITHS FOOD,0.484,2.520278,4387.775540
72,SALT LAKE CITY - SMITHS FOOD,0.469,2.520309,4387.717837
72,SALT LAKE CITY - SMITHS FOOD,0.396,2.653471,4146.726606
72,SALT LAKE CITY - SMITHS FOOD,0.438,2.638627,4172.921438
72,SALT LAKE CITY - SMITHS FOOD,0.678,2.520073,4388.157139
72,SALT LAKE CITY - SMITHS FOOD,0.066,2.654054,4145.701163
72,SALT LAKE CITY - SMITHS FOOD,0.6,3.053508,3499.484099
72,SALT LAKE CITY - SMITHS FOOD,0.711,3.05336,3499.70382
73,SAN ANT/CORPUS CHR - H E BUTT,0.374,3.25858,3207.91089
73,SAN ANT/CORPUS CHR - H E BUTT,0,3.053295,2527.749701
73,SAN ANT/CORPUS CHR - H E BUTT,0,3.053309,2527.740156
73,SAN ANT/CORPUS CHR - H E BUTT,0.167,3.053235,3499.889405
73,SAN ANT/CORPUS CHR - H E BUTT,0.162,3.011484,3562.430293
73,SAN ANT/CORPUS CHR - H E BUTT,0.289,2.920011,3703.386438
73,SAN ANT/CORPUS CHR - H E BUTT,0.032,3.053319,3499.764690
73,SAN ANT/CORPUS CHR - H E BUTT,0.117,3.079616,3460.939284
73,SAN ANT/CORPUS CHR - H E BUTT,0.05,3.053325,3499.755782
73,SAN ANT/CORPUS CHR - H E BUTT,0.053,3.95685,2385.47869
74,SAN DIEGO - LUCKY,0.1395,2.709607,4049.142942
74,SAN DIEGO - LUCKY,0.1705,3.60033,2774.97775
74,SAN DIEGO - LUCKY,0.4195,2.704372,4058.145238
74,SAN DIEGO - LUCKY,0.4075,2.707045,4053.546152
74,SAN DIEGO - LUCKY,0.327,2.707411,4052.916829
74,SAN DIEGO - LUCKY,0.165,3.015382,3556.544292
74,SAN DIEGO - LUCKY,0.094,3.623154,2748.238968
74,SAN DIEGO - LUCKY,0.5,2.467248,4487.603306
74,SAN DIEGO - LUCKY,0.2425,2.994305,3588.486960
74,SAN DIEGO - LUCKY,0.259,3.731953,2624.277498
75,SAN DIEGO - RALPHS,0.558,2.652703,4148.077834
75,SAN DIEGO - RALPHS,0.473,2.748535,3982.824350
75,SAN DIEGO - RALPHS,0.185,2.652923,4147.690718
75,SAN DIEGO - RALPHS,0.826,2.649854,4153.094243
75,SAN DIEGO - RALPHS,1,4.223612,2130.238698
75,SAN DIEGO - RALPHS,0.456,3.053694,3499.207983
75,SAN DIEGO - RALPHS,0.152,3.0528,3500.5353
75,SAN DIEGO - RALPHS,0.041167,3.720656,2636.884305
75,SAN DIEGO - RALPHS,0.33,3.054613,3497.844054
75,SAN DIEGO - RALPHS,0.158,3.053042,3500.175968
76,SAN FRANCISCO - LUCKY,0.223333,2.825845,3854.320609
76,SAN FRANCISCO - LUCKY,0.225368,3.679732,2683.062355
76,SAN FRANCISCO - LUCKY,0.094922,3.648468,2718.884337
76,SAN FRANCISCO - LUCKY,0.090667,3.752562,2601.434099
76,SAN FRANCISCO - LUCKY,0.236667,2.842912,3826.515479
76,SAN FRANCISCO - LUCKY,0.08963,3.656112,2710.081988
76,SAN FRANCISCO - LUCKY,0.03,3.736378,2619.355895
76,SAN FRANCISCO - LUCKY,0.123025,2.876283,3772.726489
76,SAN FRANCISCO - LUCKY,0.203103,2.865257,3790.414563
76,SAN FRANCISCO - LUCKY,0.030333,2.908723,3721.162986
77,SOUTH CAROLINA - BI LO,0.314,2.386756,4643.484669
77,SOUTH CAROLINA - BI LO,0.117,2.33338,4749.82729
77,SOUTH CAROLINA - BI LO,0.54,2.386776,4643.445272
77,SOUTH CAROLINA - BI LO,0.257,2.386695,4643.604832
77,SOUTH CAROLINA - BI LO,0.506,2.386669,4643.656050
77,SOUTH CAROLINA - BI LO,0.541,2.386709,4643.577254
77,SOUTH CAROLINA - BI LO,0.38,2.386724,4643.547705
77,SOUTH CAROLINA - BI LO,0.335,2.386748,4643.500428
77,SOUTH CAROLINA - BI LO,0.257,2.386503,4643.983070
77,SOUTH CAROLINA - BI LO,0.102,2.386594,4643.803797
78,SOUTH CAROLINA - FOOD LION,0.047051,2.558712,4316.815236
78,SOUTH CAROLINA - FOOD LION,0.089217,2.218842,4986.317033
78,SOUTH CAROLINA - FOOD LION,0.027794,2.464473,4492.889271
78,SOUTH CAROLINA - FOOD LION,0,2.439571,2982.820219
78,SOUTH CAROLINA - FOOD LION,0.095871,2.442574,4534.822663
78,SOUTH CAROLINA - FOOD LION,0.038709,2.252967,4914.652555
78,SOUTH CAROLINA - FOOD LION,0,2.465769,2961.816755
78,SOUTH CAROLINA - FOOD LION,0,2.704264,2777.284335
78,SOUTH CAROLINA - FOOD LION,0.032652,2.548054,4336.377201
78,SOUTH CAROLINA - FOOD LION,0.095372,2.799244,3898.061707
79,SOUTH CAROLINA - WINN DIXIE,0.445,2.386981,4643.041472
79,SOUTH CAROLINA - WINN DIXIE,0,2.388592,3024.118974
79,SOUTH CAROLINA - WINN DIXIE,0,2.38629,3025.99729
79,SOUTH CAROLINA - WINN DIXIE,0,2.386638,3025.713264
79,SOUTH CAROLINA - WINN DIXIE,0.272,2.373538,4669.595404
79,SOUTH CAROLINA - WINN DIXIE,0.228,2.373497,4669.676623
79,SOUTH CAROLINA - WINN DIXIE,0.235,2.386824,4643.350721
79,SOUTH CAROLINA - WINN DIXIE,0,2.386479,3025.843030
79,SOUTH CAROLINA - WINN DIXIE,0.028665,2.375395,4665.918255
79,SOUTH CAROLINA - WINN DIXIE,0.444,2.386476,4644.036263
80,ST. LOUIS - NATIONAL SUPER,0,3.462259,2263.742916
80,ST. LOUIS - NATIONAL SUPER,0.146,2.862108,3795.481443
80,ST. LOUIS - NATIONAL SUPER,0.157,3.454382,2952.218108
80,ST. LOUIS - NATIONAL SUPER,0,3.639944,2157.807427
80,ST. LOUIS - NATIONAL SUPER,0,3.097041,2498.098524
80,ST. LOUIS - NATIONAL SUPER,0.885,2.994526,3588.150545
80,ST. LOUIS - NATIONAL SUPER,0.168,3.277117,3182.783560
80,ST. LOUIS - NATIONAL SUPER,0.76,2.520029,4388.239048
80,ST. LOUIS - NATIONAL SUPER,0.076,3.335817,3104.505468
80,ST. LOUIS - NATIONAL SUPER,0.635,2.810463,3879.553645
81,ST. LOUIS - SCHNUCK MARKETS,0.375,2.386602,4643.788038
81,ST. LOUIS - SCHNUCK MARKETS,0.08,3.319873,3125.574783
81,ST. LOUIS - SCHNUCK MARKETS,0.007031,3.018275,3552.182135
81,ST. LOUIS - SCHNUCK MARKETS,0.064467,2.660222,4134.867747
81,ST. LOUIS - SCHNUCK MARKETS,0.069432,2.674629,4109.673589
81,ST. LOUIS - SCHNUCK MARKETS,0.078238,3.13169,3385.32255
81,ST. LOUIS - SCHNUCK MARKETS,0.018797,3.31857,3127.30295
81,ST. LOUIS - SCHNUCK MARKETS,0.076,2.439095,4541.520374
81,ST. LOUIS - SCHNUCK MARKETS,0.039197,2.751181,3978.356193
81,ST. LOUIS - SCHNUCK MARKETS,0.147,3.319918,3125.515117
82,SYRACUSE - P & C FOOD MARKE,0,3.3125,2357.0577
82,SYRACUSE - P & C FOOD MARKE,0.366,3.252101,3216.740034
82,SYRACUSE - P & C FOOD MARKE,0,3.182992,2440.849877
82,SYRACUSE - P & C FOOD MARKE,0.23,2.381743,4653.370080
82,SYRACUSE - P & C FOOD MARKE,0.665,3.170732,3329.715257
82,SYRACUSE - P & C FOOD MARKE,0.188,1.99978,5471.91173
82,SYRACUSE - P & C FOOD MARKE,0,3.169538,2449.723684
82,SYRACUSE - P & C FOOD MARKE,0,2.653333,2815.700880
82,SYRACUSE - P & C FOOD MARKE,0,3.254083,2394.491554
82,SYRACUSE - P & C FOOD MARKE,0,2.335707,3067.566180
83,SYRACUSE - PRICE CHOPPER,0,2.857143,2665.089231
83,SYRACUSE - PRICE CHOPPER,0.227,2.637183,4175.478443
83,SYRACUSE - PRICE CHOPPER,0.244,2.221836,4979.987859
83,SYRACUSE - PRICE CHOPPER,0.298,3.009434,3565.529712
83,SYRACUSE - PRICE CHOPPER,0.327,2.222373,4978.853516
83,SYRACUSE - PRICE CHOPPER,0.166,2.222081,4979.470296
83,SYRACUSE - PRICE CHOPPER,0,2.852814,2668.202970
83,SYRACUSE - PRICE CHOPPER,0,2.933333,2610.878647
83,SYRACUSE - PRICE CHOPPER,0.275,2.845638,3822.092963
83,SYRACUSE - PRICE CHOPPER,0.298,3.176951,3320.942299
84,SYRACUSE - WEGMANS,0.464325,2.662992,4130.011761
84,SYRACUSE - WEGMANS,0.603803,1.860035,5806.109199
84,SYRACUSE - WEGMANS,0.402333,3.473,2928.993
84,SYRACUSE - WEGMANS,0,3.482283,2251.549233
84,SYRACUSE - WEGMANS,0.133333,3.486641,2912.092445
84,SYRACUSE - WEGMANS,0.229628,3.482574,2917.121023
84,SYRACUSE - WEGMANS,0,3.481982,2251.732041
84,SYRACUSE - WEGMANS,0.179,3.451202,2956.203396
84,SYRACUSE - WEGMANS,0.431193,3.475264,2926.181196
84,SYRACUSE - WEGMANS,0.533,2.663705,4128.762750
85,TAMPA/ST. PETE - KASH N KARRY,0.083536,2.520328,4387.682471
85,TAMPA/ST. PETE - KASH N KARRY,0.035931,3.191339,3300.734074
85,TAMPA/ST. PETE - KASH N KARRY,0,3.153798,2460.146218
85,TAMPA/ST. PETE - KASH N KARRY,0.046743,3.032394,3530.969709
85,TAMPA/ST. PETE - KASH N KARRY,0,2.651927,2816.768910
85,TAMPA/ST. PETE - KASH N KARRY,0,3.057361,2524.978981
85,TAMPA/ST. PETE - KASH N KARRY,0,2.871969,2654.452776
85,TAMPA/ST. PETE - KASH N KARRY,0.049503,3.079355,3461.322505
85,TAMPA/ST. PETE - KASH N KARRY,0,2.580426,2871.620246
85,TAMPA/ST. PETE - KASH N KARRY,0,3.132962,2474.011397
86,TAMPA/ST. PETE - PUBLIX,0,2.513443,2923.974265
86,TAMPA/ST. PETE - PUBLIX,0.0885,2.763493,3957.631422
86,TAMPA/ST. PETE - PUBLIX,0.0895,2.753764,3973.999256
86,TAMPA/ST. PETE - PUBLIX,0.038,2.768484,3949.260865
86,TAMPA/ST. PETE - PUBLIX,0.08194,2.483866,4456.078354
86,TAMPA/ST. PETE - PUBLIX,0.0885,2.839006,3832.861284
86,TAMPA/ST. PETE - PUBLIX,0.051,2.940131,3671.911416
86,TAMPA/ST. PETE - PUBLIX,0,2.982528,2576.462782
86,TAMPA/ST. PETE - PUBLIX,0.005857,3.042491,3515.877678
86,TAMPA/ST. PETE - PUBLIX,0.01784,2.386478,4644.032322
87,TAMPA/ST. PETE - WINN DIXIE,0.057593,2.662668,4130.579459
87,TAMPA/ST. PETE - WINN DIXIE,0,2.600118,2856.408004
87,TAMPA/ST. PETE - WINN DIXIE,0.014601,2.537203,4356.384474
87,TAMPA/ST. PETE - WINN DIXIE,0.031841,2.746828,3985.709531
87,TAMPA/ST. PETE - WINN DIXIE,0,2.721122,2764.684390
87,TAMPA/ST. PETE - WINN DIXIE,0.074826,2.532543,4365.004977
87,TAMPA/ST. PETE - WINN DIXIE,0,2.62873,2834.44848
87,TAMPA/ST. PETE - WINN DIXIE,0,2.584295,2868.625028
87,TAMPA/ST. PETE - WINN DIXIE,0.078536,2.564503,4306.223312
87,TAMPA/ST. PETE - WINN DIXIE,0.014416,2.708525,4051.001950
88,WICHITA - DILLON COMPANIES,0.07,3.373016,3055.899160
88,WICHITA - DILLON COMPANIES,0.121,3.694545,2666.254933
88,WICHITA - DILLON COMPANIES,0,3.692898,2127.205919
88,WICHITA - DILLON COMPANIES,0,3.692004,2127.718932
88,WICHITA - DILLON COMPANIES,0,2.728088,2759.494594
88,WICHITA - DILLON COMPANIES,0.194,3.694534,2666.267375
88,WICHITA - DILLON COMPANIES,0,3.693636,2126.782518
88,WICHITA - DILLON COMPANIES,0.5,3.686945,2674.865004
88,WICHITA - DILLON COMPANIES,0.304,3.661891,2703.446177
88,WICHITA - DILLON COMPANIES,0,3.691898,2127.779768
